step	metric
0	0.1910342765564832
1	1.4663477506870977
