{
    "avg_precsion": {
        "train": 0.9695175170069729,
        "test": 0.8902092199868046
    },
    "roc_auc": {
        "train": 0.9840701838147529,
        "test": 0.9249010443918256
    }
}
