{
    "avg_precsion": {
        "train": 0.956469115218479,
        "test": 0.9109460410976704
    },
    "roc_auc": {
        "train": 0.976856621855886,
        "test": 0.939963432545035
    }
}
