{
    "avg_precsion": {
        "train": 0.9584013806812807,
        "test": 0.9038274186311249
    },
    "roc_auc": {
        "train": 0.9784024560678972,
        "test": 0.93377330668608
    }
}
