{
    "avg_precsion": {
        "train": 0.9641926729835246,
        "test": 0.8941319671304202
    },
    "roc_auc": {
        "train": 0.9813848075559967,
        "test": 0.9267308173905124
    }
}
