{
    "avg_precsion": {
        "train": 0.9740128789591473,
        "test": 0.8867109274995973
    },
    "roc_auc": {
        "train": 0.9871855252582065,
        "test": 0.9205812888744962
    }
}
