{
    "metric": 1.8910197007501202,
    "nested": {
        "metric": 1.4663477506870977
    },
    "step": 1,
    "summary_metric": 1.0
}
