{
    "avg_precsion": {
        "train": 0.9584013806812807
    },
    "roc_auc": {
        "train": 0.9784024560678972
    }
}
