step	metric
0	0.1856716390602975
1	1.8910197007501202
